{
  "overall_acc": 0.5535877305094029,
  "worst_group": "r2|g0",
  "acc_gap": 0.13068017086417838,
  "per_group_acc": {
    "r0|g0": 0.6039119804400978,
    "r5|g1": 0.5397590361445783,
    "r5|g0": 0.6165413533834586,
    "r3|g1": 0.5348837209302325,
    "r3|g0": 0.5352112676056338,
    "r1|g0": 0.5792207792207792,
    "r2|g0": 0.48586118251928023,
    "r1|g1": 0.5193370165745856,
    "r0|g1": 0.597911227154047,
    "r6|g1": 0.5543478260869565,
    "r6|g0": 0.5961538461538461,
    "r4|g0": 0.5275590551181102,
    "r4|g1": 0.5824742268041238,
    "r2|g1": 0.5012919896640827
  },
  "ece": 0.026125986275281992
}