{
  "overall_acc": 0.5440934818331203,
  "worst_group": "r2|g1",
  "acc_gap": 0.10165226249991571,
  "per_group_acc": {
    "r0|g0": 0.5819070904645477,
    "r5|g1": 0.5156626506024097,
    "r5|g0": 0.5739348370927319,
    "r3|g1": 0.5137420718816068,
    "r3|g0": 0.5545774647887324,
    "r1|g0": 0.5766233766233766,
    "r2|g0": 0.4961439588688946,
    "r1|g1": 0.4889502762430939,
    "r0|g1": 0.5848563968668408,
    "r6|g1": 0.5788043478260869,
    "r6|g0": 0.5714285714285714,
    "r4|g0": 0.5511811023622047,
    "r4|g1": 0.5515463917525774,
    "r2|g1": 0.48320413436692505
  },
  "ece": 0.012175770180926667
}